index,k__Bacteria;p__Spirochaetes;c__Spirochaetes,k__Bacteria;p__Bacteroidetes;c__Cytophagia,k__Bacteria;p__Proteobacteria;c__Gammaproteobacteria,k__Bacteria;__;__,k__Bacteria;p__Fusobacteria;c__Fusobacteriia,k__Bacteria;p__Bacteroidetes;c__Bacteroidia,k__Bacteria;p__Proteobacteria;c__Alphaproteobacteria,k__Bacteria;p__Proteobacteria;c__Deltaproteobacteria,k__Bacteria;p__;c__,k__Bacteria;p__Tenericutes;c__Mollicutes,k__Bacteria;p__Firmicutes;c__Clostridia,k__Bacteria;p__Bacteroidetes;__,k__Bacteria;p__Proteobacteria;c__Betaproteobacteria,k__Bacteria;p__Proteobacteria;c__Epsilonproteobacteria,k__Bacteria;p__Bacteroidetes;c__Flavobacteriia,k__Bacteria;p__Actinobacteria;c__Actinobacteria,k__Bacteria;p__Firmicutes;c__Bacilli,k__Bacteria;p__Cyanobacteria;c__Oscillatoriophycideae,k__Bacteria;p__TM6;c__F38,k__Bacteria;p__Cyanobacteria;c__Synechococcophycideae,k__Bacteria;p__Spirochaetes;c__[Brachyspirae],k__Bacteria;p__GN02;c__,k__Bacteria;p__Chlamydiae;c__Chlamydiia,k__Bacteria;p__Cyanobacteria;c__Nostocophycideae,k__Bacteria;p__Cyanobacteria;c__Chloroplast,k__Bacteria;p__GN02;c__BD1-5,k__Bacteria;p__[Thermi];c__Deinococci,k__Bacteria;p__Bacteroidetes;c__[Saprospirae],k__Bacteria;p__Fibrobacteres;c__Fibrobacteria,k__Bacteria;p__Bacteroidetes;c__Sphingobacteriia,k__Bacteria;p__H-178;c__,k__Bacteria;p__ZB3;c__BS119,k__Bacteria;p__Proteobacteria;c__,k__Bacteria;p__Chlorobi;c__Ignavibacteria,k__Bacteria;p__TM6;c__SBRH58,k__Bacteria;p__Cyanobacteria;c__4C0d-2,k__Bacteria;p__Cyanobacteria;c__,k__Bacteria;p__Bacteroidetes;c__BME43,k__Bacteria;p__Lentisphaerae;c__[Lentisphaeria],k__Bacteria;p__Planctomycetes;c__Phycisphaerae,k__Bacteria;p__Actinobacteria;c__Acidimicrobiia,k__Bacteria;p__Nitrospirae;c__Nitrospira,k__Bacteria;p__WWE1;c__[Cloacamonae],k__Bacteria;p__OP8;c__OP8_2,k__Bacteria;p__Fibrobacteres;c__TG3,k__Bacteria;p__Verrucomicrobia;c__Verruco-5,k__Bacteria;p__SAR406;c__AB16,k__Bacteria;p__Proteobacteria;__,k__Bacteria;p__Chlorobi;c__SJA-28,k__Bacteria;p__FBP;c__,k__Bacteria;p__Chloroflexi;c__Anaerolineae,k__Bacteria;p__Acidobacteria;c__Acidobacteria-6,k__Bacteria;p__Chlorobi;c__OPB56,k__Bacteria;p__Cyanobacteria;__,k__Bacteria;p__Acidobacteria;c__Solibacteres,k__Bacteria;p__Verrucomicrobia;c__Opitutae,k__Bacteria;p__WPS-2;c__,k__Bacteria;p__Planctomycetes;c__Planctomycetia,k__Bacteria;p__Cyanobacteria;c__ML635J-21,k__Bacteria;p__Gemmatimonadetes;c__Gemmatimonadetes,k__Bacteria;p__Acidobacteria;c__[Chloracidobacteria],k__Bacteria;p__Acidobacteria;c__Sva0725,k__Bacteria;p__Chlorobi;c__,k__Bacteria;p__Bacteroidetes;c__At12OctB3,k__Bacteria;p__TM7;c__TM7-3,k__Bacteria;p__Gemmatimonadetes;c__Gemm-2,k__Bacteria;p__Gemmatimonadetes;c__Gemm-1,k__Bacteria;p__Acidobacteria;c__Acidobacteriia,k__Bacteria;p__Bacteroidetes;c__[Rhodothermi],k__Bacteria;p__SBR1093;c__A712011,k__Bacteria;p__WS3;c__PRR-12,k__Bacteria;p__Spirochaetes;c__[Leptospirae],k__Bacteria;p__Proteobacteria;c__TA18,k__Bacteria;p__Chloroflexi;c__SAR202,k__Bacteria;p__Verrucomicrobia;c__[Spartobacteria],k__Bacteria;p__OP3;c__BD4-9,k__Bacteria;p__Acidobacteria;c__Holophagae,k__Bacteria;p__Spirochaetes;c__GN05,k__Bacteria;p__Planctomycetes;c__vadinHA49,k__Bacteria;p__Acidobacteria;c__iii1-8,k__Bacteria;p__Verrucomicrobia;c__[Pedosphaerae],k__Bacteria;p__Fibrobacteres;c__B5-096,k__Bacteria;p__Actinobacteria;c__Thermoleophilia,k__Bacteria;p__Planctomycetes;c__ODP123,k__Bacteria;p__Planctomycetes;c__OM190,forward-absolute-filepath,reverse-absolute-filepath,animalID,animal-health,site,site-status,site-animal-health
HH01_01,89410.0,4031.0,1243.0,20.0,0.0,459.0,682.0,122.0,367.0,10.0,0.0,0.0,9.0,52.0,29.0,54.0,4.0,0.0,0.0,0.0,0.0,0.0,0.0,0.0,43.0,0.0,0.0,269.0,0.0,0.0,0.0,0.0,0.0,0.0,0.0,0.0,0.0,0.0,0.0,0.0,0.0,0.0,0.0,0.0,0.0,0.0,0.0,0.0,0.0,0.0,0.0,0.0,0.0,0.0,0.0,0.0,0.0,0.0,0.0,0.0,0.0,0.0,0.0,0.0,0.0,0.0,0.0,0.0,0.0,0.0,0.0,0.0,0.0,0.0,0.0,0.0,0.0,0.0,0.0,0.0,0.0,0.0,0.0,0.0,0.0,/data/project_data/16S/pycno16S/HH01_01_R1.fq.gz,/data/project_data/16S/pycno16S/HH01_01_R2.fq.gz,pyc01,healthy,site_01,naive,HH
HH01_02,40859.0,2901.0,319.0,4206.0,0.0,2.0,0.0,33.0,84.0,0.0,0.0,0.0,0.0,27.0,55.0,0.0,8.0,0.0,0.0,0.0,0.0,73.0,0.0,0.0,0.0,0.0,0.0,0.0,0.0,0.0,0.0,0.0,0.0,0.0,0.0,0.0,0.0,0.0,0.0,0.0,0.0,0.0,0.0,0.0,0.0,0.0,0.0,0.0,0.0,0.0,0.0,0.0,0.0,0.0,0.0,0.0,0.0,0.0,0.0,0.0,0.0,0.0,0.0,0.0,0.0,0.0,0.0,0.0,0.0,0.0,0.0,0.0,0.0,0.0,0.0,0.0,0.0,0.0,0.0,0.0,0.0,0.0,0.0,0.0,0.0,/data/project_data/16S/pycno16S/HH01_02_R1.fq.gz,/data/project_data/16S/pycno16S/HH01_02_R2.fq.gz,pyc02,healthy,site_01,naive,HH
HH01_03,61229.0,10676.0,891.0,528.0,0.0,15.0,380.0,0.0,175.0,3.0,0.0,0.0,135.0,0.0,63.0,0.0,3.0,0.0,0.0,0.0,0.0,0.0,0.0,0.0,106.0,0.0,0.0,0.0,0.0,15.0,0.0,0.0,75.0,0.0,0.0,0.0,0.0,0.0,0.0,0.0,0.0,0.0,0.0,0.0,0.0,0.0,0.0,0.0,0.0,0.0,21.0,15.0,0.0,0.0,0.0,0.0,0.0,0.0,0.0,12.0,0.0,0.0,0.0,9.0,0.0,0.0,0.0,0.0,0.0,0.0,0.0,0.0,0.0,0.0,0.0,0.0,0.0,0.0,0.0,0.0,0.0,0.0,0.0,0.0,0.0,/data/project_data/16S/pycno16S/HH01_03_R1.fq.gz,/data/project_data/16S/pycno16S/HH01_03_R2.fq.gz,pyc03,healthy,site_01,naive,HH
HH01_04,59628.0,1177.0,5010.0,1739.0,15.0,980.0,785.0,312.0,234.0,0.0,40.0,342.0,265.0,723.0,776.0,26.0,13.0,0.0,655.0,0.0,0.0,0.0,0.0,0.0,372.0,5.0,0.0,51.0,307.0,2.0,2.0,129.0,84.0,0.0,2.0,0.0,0.0,2.0,127.0,4.0,0.0,0.0,4.0,2.0,109.0,29.0,3.0,0.0,0.0,0.0,0.0,0.0,2.0,0.0,0.0,0.0,0.0,0.0,0.0,0.0,0.0,0.0,11.0,3.0,0.0,0.0,0.0,0.0,0.0,2.0,4.0,0.0,0.0,4.0,4.0,4.0,0.0,0.0,0.0,0.0,0.0,2.0,0.0,0.0,0.0,/data/project_data/16S/pycno16S/HH01_04_R1.fq.gz,/data/project_data/16S/pycno16S/HH01_04_R2.fq.gz,pyc04,healthy,site_01,naive,HH
HH01_05,37889.0,365.0,324.0,3.0,0.0,57.0,83.0,0.0,6.0,0.0,0.0,0.0,0.0,0.0,27.0,0.0,0.0,8.0,0.0,10.0,0.0,0.0,0.0,0.0,16.0,0.0,0.0,0.0,0.0,0.0,0.0,0.0,0.0,0.0,0.0,0.0,0.0,0.0,0.0,0.0,0.0,0.0,0.0,0.0,0.0,0.0,0.0,0.0,0.0,0.0,0.0,0.0,0.0,0.0,0.0,0.0,0.0,0.0,0.0,0.0,0.0,2.0,0.0,0.0,0.0,0.0,0.0,0.0,0.0,0.0,0.0,0.0,0.0,0.0,0.0,0.0,0.0,0.0,0.0,0.0,0.0,0.0,0.0,0.0,0.0,/data/project_data/16S/pycno16S/HH01_05_R1.fq.gz,/data/project_data/16S/pycno16S/HH01_05_R2.fq.gz,pyc05,healthy,site_01,naive,HH
HH01_06,57021.0,1526.0,713.0,871.0,0.0,0.0,174.0,39.0,139.0,50.0,0.0,0.0,0.0,25.0,169.0,0.0,9.0,0.0,0.0,0.0,0.0,0.0,0.0,0.0,49.0,0.0,0.0,0.0,0.0,0.0,0.0,0.0,0.0,0.0,0.0,0.0,0.0,0.0,0.0,0.0,0.0,0.0,0.0,0.0,0.0,0.0,0.0,0.0,0.0,0.0,0.0,0.0,0.0,0.0,0.0,0.0,0.0,0.0,0.0,0.0,0.0,0.0,0.0,0.0,0.0,0.0,0.0,0.0,0.0,0.0,0.0,0.0,0.0,0.0,0.0,0.0,0.0,0.0,0.0,0.0,0.0,0.0,0.0,0.0,0.0,/data/project_data/16S/pycno16S/HH01_06_R1.fq.gz,/data/project_data/16S/pycno16S/HH01_06_R2.fq.gz,pyc06,healthy,site_01,naive,HH
HH01_07,47310.0,3533.0,661.0,7.0,0.0,45.0,245.0,6.0,0.0,0.0,0.0,0.0,68.0,38.0,72.0,0.0,7.0,0.0,0.0,8.0,0.0,0.0,0.0,0.0,241.0,0.0,0.0,0.0,6.0,0.0,0.0,0.0,0.0,0.0,0.0,2.0,0.0,0.0,0.0,0.0,0.0,0.0,0.0,0.0,0.0,0.0,0.0,0.0,0.0,0.0,0.0,0.0,0.0,0.0,0.0,0.0,0.0,0.0,0.0,0.0,0.0,0.0,0.0,0.0,0.0,0.0,0.0,0.0,0.0,0.0,0.0,0.0,0.0,0.0,0.0,0.0,0.0,0.0,0.0,0.0,0.0,0.0,2.0,0.0,0.0,/data/project_data/16S/pycno16S/HH01_07_R1.fq.gz,/data/project_data/16S/pycno16S/HH01_07_R2.fq.gz,pyc07,healthy,site_01,naive,HH
HH01_08,34139.0,4843.0,517.0,25032.0,0.0,628.0,451.0,0.0,0.0,0.0,0.0,2.0,0.0,4.0,101.0,0.0,34.0,0.0,0.0,0.0,0.0,111.0,4.0,0.0,0.0,0.0,0.0,0.0,0.0,0.0,0.0,0.0,0.0,0.0,0.0,0.0,0.0,0.0,0.0,0.0,0.0,0.0,0.0,0.0,0.0,0.0,0.0,0.0,0.0,0.0,0.0,0.0,0.0,0.0,0.0,0.0,0.0,0.0,0.0,0.0,0.0,0.0,0.0,0.0,0.0,0.0,0.0,0.0,0.0,0.0,0.0,0.0,0.0,0.0,0.0,0.0,0.0,0.0,0.0,0.0,0.0,0.0,0.0,0.0,0.0,/data/project_data/16S/pycno16S/HH01_08_R1.fq.gz,/data/project_data/16S/pycno16S/HH01_08_R2.fq.gz,pyc08,healthy,site_01,naive,HH
HH01_09,96745.0,605.0,1402.0,388.0,384.0,519.0,620.0,3.0,107.0,204.0,51.0,0.0,6.0,23.0,312.0,0.0,0.0,19.0,0.0,2.0,0.0,0.0,5.0,0.0,237.0,0.0,0.0,0.0,0.0,0.0,0.0,0.0,0.0,0.0,0.0,0.0,0.0,0.0,0.0,0.0,0.0,0.0,0.0,0.0,0.0,0.0,0.0,0.0,0.0,0.0,0.0,0.0,0.0,0.0,0.0,0.0,0.0,0.0,0.0,0.0,0.0,0.0,0.0,0.0,0.0,0.0,0.0,0.0,0.0,0.0,0.0,0.0,0.0,0.0,0.0,0.0,0.0,0.0,0.0,0.0,0.0,0.0,0.0,0.0,0.0,/data/project_data/16S/pycno16S/HH01_09_R1.fq.gz,/data/project_data/16S/pycno16S/HH01_09_R2.fq.gz,pyc09,healthy,site_01,naive,HH
HH01_10,32665.0,951.0,19777.0,1493.0,175.0,840.0,2023.0,105.0,104.0,1613.0,2.0,0.0,498.0,88.0,1041.0,465.0,2009.0,26.0,0.0,124.0,0.0,0.0,0.0,0.0,93.0,0.0,27.0,10.0,0.0,66.0,0.0,0.0,93.0,0.0,0.0,23.0,0.0,0.0,0.0,0.0,0.0,0.0,0.0,0.0,0.0,0.0,0.0,0.0,9.0,0.0,0.0,0.0,20.0,0.0,0.0,0.0,0.0,0.0,0.0,4.0,0.0,0.0,0.0,0.0,0.0,0.0,0.0,0.0,0.0,0.0,0.0,0.0,0.0,0.0,0.0,0.0,0.0,0.0,0.0,0.0,0.0,0.0,0.0,0.0,0.0,/data/project_data/16S/pycno16S/HH01_10_R1.fq.gz,/data/project_data/16S/pycno16S/HH01_10_R2.fq.gz,pyc10,healthy,site_01,naive,HH
HH01_11,85732.0,5.0,132.0,0.0,0.0,42.0,119.0,434.0,0.0,0.0,0.0,0.0,0.0,4.0,98.0,0.0,19.0,0.0,0.0,0.0,0.0,0.0,0.0,0.0,14.0,0.0,0.0,0.0,0.0,0.0,0.0,0.0,0.0,0.0,0.0,0.0,27.0,0.0,0.0,0.0,0.0,0.0,0.0,0.0,0.0,0.0,0.0,0.0,0.0,0.0,0.0,0.0,0.0,0.0,0.0,0.0,0.0,0.0,0.0,0.0,0.0,0.0,0.0,0.0,0.0,0.0,0.0,0.0,0.0,0.0,0.0,0.0,0.0,0.0,0.0,0.0,0.0,0.0,0.0,0.0,0.0,0.0,0.0,0.0,0.0,/data/project_data/16S/pycno16S/HH01_11_R1.fq.gz,/data/project_data/16S/pycno16S/HH01_11_R2.fq.gz,pyc11,healthy,site_01,naive,HH
HH01_12,59141.0,2192.0,1112.0,638.0,31.0,79.0,273.0,17.0,82.0,36.0,0.0,0.0,0.0,79.0,118.0,0.0,13.0,0.0,0.0,20.0,0.0,0.0,0.0,0.0,0.0,0.0,0.0,0.0,0.0,0.0,0.0,0.0,0.0,0.0,0.0,0.0,0.0,0.0,0.0,0.0,0.0,0.0,0.0,0.0,0.0,0.0,0.0,0.0,0.0,0.0,0.0,0.0,0.0,0.0,0.0,6.0,0.0,0.0,0.0,0.0,0.0,0.0,0.0,0.0,0.0,0.0,0.0,0.0,0.0,0.0,0.0,0.0,0.0,0.0,0.0,0.0,0.0,0.0,0.0,0.0,0.0,0.0,0.0,0.0,0.0,/data/project_data/16S/pycno16S/HH01_12_R1.fq.gz,/data/project_data/16S/pycno16S/HH01_12_R2.fq.gz,pyc12,healthy,site_01,naive,HH
HH01_13,94558.0,1014.0,658.0,722.0,0.0,249.0,890.0,0.0,0.0,0.0,3.0,0.0,353.0,14.0,186.0,36.0,0.0,0.0,0.0,0.0,0.0,0.0,0.0,0.0,7.0,0.0,0.0,0.0,0.0,0.0,0.0,0.0,0.0,0.0,0.0,0.0,0.0,0.0,0.0,0.0,0.0,0.0,0.0,0.0,0.0,0.0,5.0,0.0,0.0,0.0,0.0,0.0,0.0,0.0,0.0,0.0,0.0,2.0,0.0,0.0,0.0,0.0,0.0,0.0,0.0,0.0,0.0,0.0,0.0,0.0,0.0,0.0,0.0,0.0,0.0,0.0,0.0,0.0,0.0,0.0,0.0,0.0,0.0,0.0,0.0,/data/project_data/16S/pycno16S/HH01_13_R1.fq.gz,/data/project_data/16S/pycno16S/HH01_13_R2.fq.gz,pyc13,healthy,site_01,naive,HH
HH01_14,81192.0,0.0,970.0,21.0,0.0,21.0,36.0,9.0,0.0,8.0,0.0,0.0,16.0,12.0,132.0,125.0,22.0,13.0,0.0,3.0,0.0,0.0,0.0,0.0,26.0,0.0,26.0,0.0,0.0,0.0,0.0,0.0,0.0,0.0,0.0,0.0,0.0,0.0,0.0,0.0,0.0,0.0,0.0,0.0,0.0,0.0,0.0,0.0,0.0,0.0,0.0,0.0,0.0,0.0,0.0,0.0,0.0,0.0,0.0,0.0,0.0,0.0,0.0,0.0,0.0,0.0,0.0,0.0,0.0,0.0,0.0,0.0,0.0,0.0,0.0,0.0,0.0,0.0,0.0,0.0,0.0,0.0,0.0,0.0,0.0,/data/project_data/16S/pycno16S/HH01_14_R1.fq.gz,/data/project_data/16S/pycno16S/HH01_14_R2.fq.gz,pyc14,healthy,site_01,naive,HH
HH01_15,28830.0,996.0,17188.0,2.0,6883.0,860.0,29.0,203.0,60.0,0.0,161.0,0.0,0.0,465.0,0.0,0.0,0.0,0.0,0.0,0.0,0.0,0.0,0.0,0.0,0.0,0.0,0.0,0.0,0.0,0.0,0.0,0.0,0.0,0.0,0.0,0.0,0.0,0.0,6.0,0.0,0.0,0.0,0.0,0.0,0.0,0.0,0.0,6.0,0.0,0.0,0.0,0.0,0.0,0.0,0.0,0.0,0.0,0.0,0.0,0.0,0.0,0.0,0.0,0.0,0.0,0.0,0.0,0.0,0.0,0.0,0.0,0.0,0.0,0.0,0.0,0.0,0.0,0.0,0.0,0.0,0.0,0.0,0.0,0.0,0.0,/data/project_data/16S/pycno16S/HH01_15_R1.fq.gz,/data/project_data/16S/pycno16S/HH01_15_R2.fq.gz,pyc15,healthy,site_01,naive,HH
HH01_17,45833.0,18712.0,777.0,9488.0,0.0,872.0,547.0,3.0,47.0,0.0,0.0,0.0,85.0,214.0,610.0,26.0,9.0,0.0,0.0,36.0,0.0,43.0,0.0,0.0,112.0,0.0,0.0,0.0,0.0,0.0,0.0,0.0,0.0,0.0,0.0,0.0,0.0,0.0,0.0,0.0,0.0,0.0,0.0,0.0,0.0,0.0,0.0,0.0,0.0,0.0,0.0,0.0,0.0,0.0,0.0,0.0,0.0,0.0,0.0,0.0,0.0,0.0,0.0,0.0,0.0,0.0,0.0,0.0,0.0,0.0,0.0,0.0,0.0,0.0,0.0,0.0,0.0,0.0,0.0,0.0,0.0,0.0,0.0,0.0,0.0,/data/project_data/16S/pycno16S/HH01_17_R1.fq.gz,/data/project_data/16S/pycno16S/HH01_17_R2.fq.gz,pyc16,healthy,site_01,naive,HH
HH01_18,79699.0,0.0,580.0,391.0,0.0,278.0,244.0,0.0,0.0,0.0,0.0,0.0,0.0,0.0,15.0,0.0,0.0,0.0,0.0,0.0,0.0,0.0,17.0,0.0,0.0,51.0,0.0,7.0,0.0,0.0,0.0,0.0,0.0,0.0,0.0,0.0,0.0,0.0,0.0,0.0,0.0,0.0,0.0,0.0,0.0,0.0,0.0,0.0,0.0,0.0,0.0,0.0,0.0,0.0,0.0,0.0,0.0,0.0,0.0,0.0,0.0,0.0,0.0,0.0,0.0,0.0,0.0,0.0,0.0,0.0,0.0,0.0,0.0,0.0,0.0,0.0,0.0,0.0,0.0,0.0,2.0,0.0,0.0,0.0,0.0,/data/project_data/16S/pycno16S/HH01_18_R1.fq.gz,/data/project_data/16S/pycno16S/HH01_18_R2.fq.gz,pyc17,healthy,site_01,naive,HH
HH01_19,61954.0,6000.0,765.0,4.0,0.0,718.0,4294.0,48.0,30.0,0.0,0.0,0.0,269.0,79.0,307.0,0.0,0.0,0.0,0.0,0.0,0.0,0.0,7.0,0.0,47.0,0.0,0.0,10.0,0.0,0.0,0.0,0.0,13.0,0.0,0.0,0.0,0.0,0.0,0.0,0.0,0.0,0.0,0.0,0.0,0.0,0.0,0.0,0.0,2.0,0.0,0.0,0.0,0.0,0.0,0.0,0.0,0.0,0.0,0.0,0.0,0.0,0.0,0.0,0.0,0.0,0.0,0.0,0.0,0.0,0.0,0.0,0.0,0.0,0.0,0.0,0.0,0.0,0.0,0.0,0.0,0.0,0.0,0.0,0.0,0.0,/data/project_data/16S/pycno16S/HH01_19_R1.fq.gz,/data/project_data/16S/pycno16S/HH01_19_R2.fq.gz,pyc18,healthy,site_01,naive,HH
HH01_20,99960.0,2812.0,1382.0,30.0,0.0,313.0,869.0,0.0,0.0,0.0,0.0,0.0,85.0,57.0,135.0,25.0,0.0,30.0,0.0,0.0,0.0,0.0,15.0,0.0,38.0,0.0,0.0,26.0,0.0,4.0,0.0,0.0,0.0,0.0,0.0,0.0,0.0,0.0,0.0,0.0,0.0,0.0,0.0,0.0,0.0,0.0,0.0,0.0,0.0,0.0,0.0,0.0,0.0,0.0,0.0,0.0,0.0,0.0,0.0,0.0,0.0,0.0,0.0,0.0,0.0,0.0,0.0,0.0,0.0,0.0,0.0,0.0,0.0,0.0,0.0,0.0,0.0,0.0,0.0,0.0,0.0,0.0,0.0,0.0,0.0,/data/project_data/16S/pycno16S/HH01_20_R1.fq.gz,/data/project_data/16S/pycno16S/HH01_20_R2.fq.gz,pyc19,healthy,site_01,naive,HH
HH01_21,83030.0,8787.0,786.0,144.0,0.0,475.0,576.0,5.0,27.0,0.0,0.0,0.0,305.0,525.0,205.0,0.0,0.0,0.0,0.0,0.0,0.0,0.0,0.0,0.0,14.0,0.0,0.0,0.0,0.0,0.0,0.0,0.0,6.0,0.0,0.0,0.0,0.0,0.0,0.0,0.0,0.0,0.0,0.0,0.0,0.0,0.0,0.0,0.0,0.0,0.0,0.0,0.0,0.0,0.0,0.0,0.0,0.0,0.0,0.0,0.0,0.0,0.0,0.0,0.0,0.0,3.0,0.0,0.0,0.0,0.0,0.0,0.0,0.0,0.0,0.0,0.0,0.0,0.0,0.0,0.0,0.0,0.0,0.0,0.0,0.0,/data/project_data/16S/pycno16S/HH01_21_R1.fq.gz,/data/project_data/16S/pycno16S/HH01_21_R2.fq.gz,pyc20,healthy,site_01,naive,HH
HH01_22,52036.0,434.0,10513.0,916.0,13.0,1180.0,15560.0,2612.0,3852.0,27.0,118.0,0.0,41.0,63.0,1188.0,0.0,102.0,0.0,378.0,315.0,102.0,0.0,182.0,0.0,104.0,10.0,0.0,25.0,20.0,0.0,0.0,0.0,0.0,0.0,0.0,0.0,0.0,0.0,0.0,0.0,0.0,0.0,0.0,0.0,0.0,0.0,32.0,5.0,0.0,0.0,0.0,0.0,0.0,0.0,0.0,0.0,0.0,0.0,0.0,0.0,0.0,0.0,0.0,0.0,0.0,0.0,0.0,0.0,0.0,0.0,0.0,0.0,0.0,0.0,0.0,0.0,0.0,0.0,0.0,0.0,0.0,0.0,0.0,0.0,0.0,/data/project_data/16S/pycno16S/HH01_22_R1.fq.gz,/data/project_data/16S/pycno16S/HH01_22_R2.fq.gz,pyc21,healthy,site_01,naive,HH
HH01_23,55300.0,2274.0,5116.0,98.0,0.0,295.0,901.0,0.0,214.0,0.0,0.0,0.0,16.0,0.0,151.0,0.0,24.0,0.0,0.0,0.0,0.0,250.0,0.0,0.0,116.0,0.0,0.0,0.0,0.0,5.0,0.0,0.0,0.0,0.0,0.0,0.0,0.0,0.0,0.0,0.0,0.0,0.0,0.0,0.0,0.0,0.0,0.0,0.0,0.0,0.0,0.0,0.0,0.0,0.0,0.0,0.0,0.0,3.0,0.0,0.0,0.0,0.0,0.0,0.0,0.0,0.0,0.0,0.0,0.0,0.0,0.0,0.0,0.0,0.0,0.0,0.0,0.0,0.0,0.0,0.0,0.0,0.0,0.0,0.0,0.0,/data/project_data/16S/pycno16S/HH01_23_R1.fq.gz,/data/project_data/16S/pycno16S/HH01_23_R2.fq.gz,pyc22,healthy,site_01,naive,HH
HH01_24,30408.0,688.0,211.0,395.0,0.0,10.0,0.0,0.0,107.0,0.0,0.0,0.0,0.0,0.0,25.0,20.0,0.0,0.0,0.0,12.0,0.0,0.0,0.0,0.0,0.0,0.0,0.0,0.0,0.0,0.0,0.0,0.0,0.0,0.0,0.0,0.0,0.0,0.0,0.0,0.0,0.0,0.0,0.0,0.0,0.0,0.0,0.0,0.0,0.0,0.0,0.0,0.0,0.0,0.0,0.0,0.0,0.0,0.0,0.0,0.0,0.0,0.0,0.0,0.0,0.0,0.0,0.0,0.0,0.0,0.0,0.0,0.0,0.0,0.0,0.0,0.0,0.0,0.0,0.0,0.0,0.0,0.0,0.0,0.0,0.0,/data/project_data/16S/pycno16S/HH01_24_R1.fq.gz,/data/project_data/16S/pycno16S/HH01_24_R2.fq.gz,pyc23,healthy,site_01,naive,HH
HH02_01,53871.0,11059.0,912.0,22424.0,0.0,74.0,544.0,0.0,384.0,0.0,2.0,6.0,58.0,231.0,304.0,0.0,5.0,0.0,0.0,22.0,47.0,122.0,0.0,0.0,225.0,0.0,0.0,0.0,0.0,0.0,0.0,0.0,0.0,0.0,0.0,0.0,0.0,0.0,0.0,0.0,0.0,0.0,0.0,0.0,0.0,0.0,0.0,0.0,0.0,0.0,0.0,0.0,0.0,0.0,0.0,0.0,0.0,0.0,0.0,0.0,0.0,0.0,0.0,0.0,0.0,0.0,0.0,0.0,0.0,0.0,0.0,0.0,0.0,0.0,0.0,0.0,0.0,0.0,0.0,0.0,0.0,0.0,0.0,0.0,0.0,/data/project_data/16S/pycno16S/HH02_01_R1.fq.gz,/data/project_data/16S/pycno16S/HH02_01_R2.fq.gz,pyc24,healthy,site_02,naive,HH
HH02_02,98781.0,5730.0,858.0,454.0,0.0,33.0,634.0,0.0,0.0,2.0,0.0,5.0,2.0,155.0,157.0,68.0,0.0,214.0,0.0,0.0,0.0,0.0,74.0,0.0,346.0,0.0,0.0,29.0,0.0,0.0,0.0,0.0,0.0,0.0,0.0,0.0,0.0,0.0,0.0,0.0,0.0,0.0,0.0,0.0,0.0,0.0,0.0,25.0,0.0,0.0,0.0,0.0,0.0,0.0,0.0,0.0,0.0,3.0,0.0,0.0,0.0,0.0,0.0,0.0,0.0,0.0,0.0,0.0,0.0,0.0,0.0,0.0,3.0,0.0,0.0,0.0,0.0,3.0,0.0,0.0,0.0,0.0,0.0,0.0,0.0,/data/project_data/16S/pycno16S/HH02_02_R1.fq.gz,/data/project_data/16S/pycno16S/HH02_02_R2.fq.gz,pyc25,healthy,site_02,naive,HH
HH02_03,69820.0,9555.0,1728.0,52.0,0.0,809.0,1623.0,5.0,3.0,0.0,0.0,0.0,17.0,1084.0,417.0,29.0,12.0,73.0,0.0,0.0,0.0,0.0,86.0,0.0,12.0,0.0,0.0,0.0,0.0,0.0,0.0,0.0,68.0,0.0,0.0,0.0,0.0,0.0,0.0,0.0,0.0,0.0,0.0,0.0,0.0,0.0,0.0,0.0,0.0,0.0,0.0,0.0,0.0,0.0,0.0,0.0,0.0,0.0,0.0,0.0,0.0,0.0,0.0,0.0,0.0,0.0,0.0,7.0,0.0,0.0,0.0,0.0,0.0,0.0,0.0,0.0,4.0,0.0,3.0,0.0,0.0,0.0,0.0,0.0,0.0,/data/project_data/16S/pycno16S/HH02_03_R1.fq.gz,/data/project_data/16S/pycno16S/HH02_03_R2.fq.gz,pyc26,healthy,site_02,naive,HH
HH02_04,67489.0,3801.0,1147.0,2768.0,0.0,442.0,117.0,47.0,174.0,0.0,0.0,0.0,242.0,129.0,286.0,0.0,0.0,79.0,0.0,78.0,14.0,0.0,0.0,0.0,58.0,0.0,0.0,15.0,0.0,2.0,0.0,0.0,0.0,0.0,0.0,0.0,0.0,0.0,0.0,0.0,0.0,0.0,0.0,0.0,0.0,0.0,0.0,0.0,0.0,0.0,0.0,0.0,0.0,0.0,0.0,0.0,0.0,9.0,0.0,0.0,0.0,0.0,0.0,0.0,0.0,0.0,0.0,0.0,0.0,0.0,0.0,0.0,0.0,0.0,0.0,0.0,0.0,0.0,3.0,0.0,0.0,0.0,0.0,2.0,0.0,/data/project_data/16S/pycno16S/HH02_04_R1.fq.gz,/data/project_data/16S/pycno16S/HH02_04_R2.fq.gz,pyc27,healthy,site_02,naive,HH
HH02_05,69820.0,1494.0,799.0,26.0,0.0,415.0,117.0,4.0,86.0,0.0,0.0,206.0,0.0,37.0,247.0,83.0,121.0,106.0,0.0,46.0,0.0,0.0,2.0,0.0,35.0,0.0,0.0,10.0,2.0,0.0,0.0,0.0,0.0,0.0,0.0,0.0,0.0,0.0,0.0,0.0,0.0,0.0,0.0,0.0,0.0,0.0,0.0,0.0,0.0,0.0,0.0,0.0,0.0,0.0,0.0,0.0,0.0,0.0,0.0,0.0,0.0,0.0,0.0,0.0,0.0,0.0,0.0,0.0,0.0,0.0,0.0,0.0,0.0,0.0,0.0,0.0,0.0,0.0,0.0,0.0,0.0,0.0,0.0,0.0,0.0,/data/project_data/16S/pycno16S/HH02_05_R1.fq.gz,/data/project_data/16S/pycno16S/HH02_05_R2.fq.gz,pyc28,healthy,site_02,naive,HH
HH02_06,36869.0,6181.0,2957.0,6657.0,0.0,174.0,2057.0,115.0,346.0,0.0,0.0,2.0,299.0,0.0,866.0,154.0,86.0,549.0,0.0,36.0,0.0,47.0,254.0,9.0,89.0,0.0,46.0,77.0,2.0,31.0,0.0,0.0,0.0,0.0,0.0,0.0,0.0,0.0,0.0,0.0,0.0,0.0,0.0,0.0,0.0,0.0,0.0,0.0,0.0,0.0,0.0,0.0,0.0,0.0,0.0,0.0,0.0,0.0,0.0,0.0,0.0,0.0,0.0,0.0,0.0,0.0,0.0,0.0,0.0,0.0,0.0,0.0,0.0,0.0,0.0,0.0,0.0,0.0,0.0,0.0,0.0,0.0,0.0,0.0,0.0,/data/project_data/16S/pycno16S/HH02_06_R1.fq.gz,/data/project_data/16S/pycno16S/HH02_06_R2.fq.gz,pyc29,healthy,site_02,naive,HH
HH02_07,91866.0,564.0,5606.0,0.0,0.0,1277.0,3571.0,3.0,0.0,0.0,4.0,0.0,275.0,0.0,1757.0,2264.0,451.0,170.0,0.0,89.0,281.0,0.0,131.0,2.0,136.0,0.0,275.0,18.0,0.0,148.0,0.0,0.0,28.0,0.0,0.0,0.0,0.0,0.0,0.0,2.0,0.0,0.0,0.0,0.0,0.0,0.0,0.0,0.0,0.0,0.0,0.0,0.0,0.0,0.0,0.0,0.0,0.0,8.0,0.0,0.0,14.0,0.0,0.0,0.0,9.0,0.0,0.0,0.0,0.0,0.0,0.0,0.0,0.0,0.0,0.0,0.0,0.0,0.0,0.0,0.0,0.0,0.0,0.0,0.0,0.0,/data/project_data/16S/pycno16S/HH02_07_R1.fq.gz,/data/project_data/16S/pycno16S/HH02_07_R2.fq.gz,pyc30,healthy,site_02,naive,HH
HH02_08,59450.0,5612.0,4640.0,835.0,45.0,675.0,2436.0,8.0,110.0,0.0,0.0,265.0,633.0,63.0,1957.0,686.0,381.0,779.0,0.0,75.0,0.0,0.0,323.0,61.0,300.0,3.0,119.0,19.0,0.0,94.0,0.0,0.0,0.0,0.0,0.0,0.0,0.0,0.0,0.0,0.0,0.0,0.0,0.0,0.0,0.0,4.0,3.0,0.0,0.0,0.0,0.0,0.0,0.0,20.0,0.0,0.0,0.0,0.0,0.0,0.0,0.0,0.0,0.0,0.0,7.0,0.0,0.0,0.0,0.0,0.0,0.0,0.0,0.0,0.0,0.0,0.0,0.0,0.0,0.0,0.0,0.0,0.0,0.0,0.0,0.0,/data/project_data/16S/pycno16S/HH02_08_R1.fq.gz,/data/project_data/16S/pycno16S/HH02_08_R2.fq.gz,pyc31,healthy,site_02,naive,HH
HH02_09,61572.0,6395.0,931.0,895.0,0.0,1492.0,2776.0,2.0,9.0,0.0,0.0,90.0,405.0,0.0,624.0,0.0,11.0,348.0,0.0,50.0,0.0,0.0,34.0,0.0,29.0,0.0,0.0,0.0,0.0,0.0,0.0,0.0,0.0,0.0,0.0,0.0,0.0,0.0,0.0,0.0,0.0,0.0,0.0,0.0,0.0,0.0,0.0,0.0,0.0,0.0,0.0,0.0,0.0,0.0,0.0,0.0,0.0,0.0,0.0,0.0,0.0,0.0,0.0,0.0,0.0,0.0,0.0,0.0,0.0,0.0,0.0,0.0,0.0,0.0,0.0,0.0,0.0,0.0,0.0,0.0,0.0,0.0,0.0,0.0,0.0,/data/project_data/16S/pycno16S/HH02_09_R1.fq.gz,/data/project_data/16S/pycno16S/HH02_09_R2.fq.gz,pyc32,healthy,site_02,naive,HH
HH02_10,97774.0,1016.0,352.0,279.0,44.0,912.0,682.0,0.0,137.0,0.0,0.0,0.0,784.0,79.0,487.0,21.0,0.0,185.0,0.0,21.0,0.0,0.0,0.0,0.0,33.0,0.0,0.0,0.0,0.0,0.0,0.0,0.0,0.0,0.0,0.0,0.0,75.0,0.0,0.0,0.0,0.0,0.0,0.0,0.0,0.0,0.0,0.0,0.0,0.0,0.0,0.0,0.0,0.0,0.0,0.0,0.0,0.0,0.0,0.0,0.0,0.0,0.0,0.0,0.0,0.0,0.0,0.0,0.0,0.0,0.0,0.0,0.0,0.0,0.0,0.0,0.0,0.0,0.0,0.0,0.0,0.0,0.0,0.0,0.0,0.0,/data/project_data/16S/pycno16S/HH02_10_R1.fq.gz,/data/project_data/16S/pycno16S/HH02_10_R2.fq.gz,pyc33,healthy,site_02,naive,HH
HH02_11,69270.0,7563.0,683.0,11654.0,0.0,280.0,601.0,0.0,396.0,0.0,0.0,0.0,907.0,193.0,544.0,118.0,58.0,254.0,0.0,0.0,198.0,483.0,38.0,0.0,0.0,0.0,0.0,11.0,0.0,0.0,0.0,0.0,0.0,0.0,0.0,0.0,0.0,0.0,0.0,0.0,0.0,0.0,0.0,0.0,0.0,0.0,0.0,0.0,0.0,0.0,3.0,0.0,0.0,0.0,0.0,0.0,0.0,0.0,0.0,0.0,0.0,0.0,0.0,0.0,0.0,0.0,0.0,0.0,0.0,0.0,5.0,0.0,0.0,0.0,0.0,0.0,0.0,0.0,0.0,3.0,0.0,0.0,0.0,0.0,0.0,/data/project_data/16S/pycno16S/HH02_11_R1.fq.gz,/data/project_data/16S/pycno16S/HH02_11_R2.fq.gz,pyc34,healthy,site_02,naive,HH
HH02_12,100795.0,946.0,1840.0,2.0,0.0,445.0,844.0,0.0,4.0,9.0,0.0,0.0,67.0,31.0,150.0,0.0,0.0,0.0,0.0,0.0,0.0,0.0,8.0,0.0,21.0,0.0,0.0,3.0,0.0,3.0,0.0,0.0,0.0,0.0,0.0,0.0,0.0,0.0,0.0,0.0,3.0,0.0,0.0,0.0,0.0,0.0,0.0,0.0,0.0,0.0,0.0,0.0,0.0,0.0,0.0,2.0,0.0,0.0,0.0,0.0,0.0,0.0,0.0,0.0,0.0,0.0,0.0,0.0,0.0,0.0,0.0,0.0,0.0,0.0,0.0,0.0,0.0,0.0,0.0,0.0,0.0,0.0,0.0,0.0,0.0,/data/project_data/16S/pycno16S/HH02_12_R1.fq.gz,/data/project_data/16S/pycno16S/HH02_12_R2.fq.gz,pyc35,healthy,site_02,naive,HH
HH02_13,25846.0,5349.0,8578.0,798.0,0.0,400.0,2531.0,10.0,9.0,21.0,0.0,0.0,339.0,1052.0,749.0,0.0,65.0,315.0,0.0,37.0,0.0,0.0,55.0,0.0,158.0,0.0,0.0,22.0,0.0,0.0,0.0,0.0,0.0,0.0,0.0,0.0,0.0,0.0,0.0,0.0,0.0,0.0,0.0,0.0,0.0,0.0,0.0,0.0,0.0,0.0,0.0,0.0,0.0,0.0,0.0,0.0,0.0,0.0,0.0,0.0,0.0,0.0,0.0,0.0,0.0,0.0,0.0,0.0,0.0,5.0,0.0,0.0,3.0,0.0,0.0,0.0,0.0,0.0,0.0,0.0,0.0,0.0,0.0,0.0,0.0,/data/project_data/16S/pycno16S/HH02_13_R1.fq.gz,/data/project_data/16S/pycno16S/HH02_13_R2.fq.gz,pyc36,healthy,site_02,naive,HH
HH02_14,67376.0,6176.0,1938.0,68.0,0.0,231.0,1472.0,11.0,4.0,0.0,0.0,0.0,336.0,12.0,494.0,308.0,42.0,507.0,0.0,584.0,11.0,0.0,135.0,391.0,268.0,0.0,0.0,4.0,0.0,27.0,0.0,0.0,0.0,0.0,0.0,0.0,0.0,0.0,0.0,0.0,0.0,0.0,0.0,0.0,0.0,0.0,0.0,0.0,0.0,0.0,0.0,0.0,0.0,0.0,0.0,0.0,0.0,0.0,0.0,0.0,0.0,0.0,0.0,0.0,0.0,0.0,0.0,0.0,0.0,0.0,0.0,0.0,0.0,0.0,0.0,0.0,0.0,0.0,0.0,0.0,0.0,0.0,0.0,0.0,0.0,/data/project_data/16S/pycno16S/HH02_14_R1.fq.gz,/data/project_data/16S/pycno16S/HH02_14_R2.fq.gz,pyc37,healthy,site_02,naive,HH
HH02_15,44223.0,5507.0,8629.0,625.0,49.0,18309.0,10537.0,1412.0,238.0,110.0,0.0,3.0,424.0,93.0,1621.0,362.0,62.0,955.0,0.0,181.0,178.0,0.0,947.0,50.0,428.0,0.0,0.0,42.0,0.0,20.0,0.0,0.0,0.0,0.0,0.0,0.0,0.0,0.0,0.0,0.0,0.0,0.0,0.0,0.0,0.0,0.0,5.0,0.0,0.0,0.0,0.0,21.0,0.0,0.0,0.0,0.0,0.0,0.0,11.0,0.0,0.0,0.0,0.0,0.0,0.0,0.0,0.0,0.0,7.0,0.0,6.0,5.0,0.0,0.0,0.0,0.0,0.0,0.0,0.0,0.0,0.0,0.0,0.0,0.0,0.0,/data/project_data/16S/pycno16S/HH02_15_R1.fq.gz,/data/project_data/16S/pycno16S/HH02_15_R2.fq.gz,pyc38,healthy,site_02,naive,HH
HH02_16,23168.0,3267.0,179.0,3197.0,0.0,0.0,185.0,0.0,0.0,0.0,0.0,0.0,0.0,0.0,4.0,0.0,0.0,0.0,0.0,0.0,0.0,69.0,0.0,0.0,0.0,0.0,0.0,0.0,0.0,0.0,0.0,0.0,0.0,0.0,0.0,0.0,0.0,0.0,0.0,0.0,0.0,0.0,0.0,0.0,0.0,0.0,0.0,0.0,0.0,0.0,0.0,0.0,0.0,0.0,0.0,0.0,0.0,0.0,0.0,0.0,0.0,0.0,0.0,0.0,0.0,0.0,0.0,0.0,0.0,0.0,0.0,0.0,0.0,0.0,0.0,0.0,0.0,0.0,0.0,0.0,0.0,0.0,0.0,0.0,0.0,/data/project_data/16S/pycno16S/HH02_16_R1.fq.gz,/data/project_data/16S/pycno16S/HH02_16_R2.fq.gz,pyc39,healthy,site_02,naive,HH
HH02_17,56420.0,571.0,15642.0,57.0,90.0,316.0,3880.0,43.0,0.0,182.0,0.0,38.0,0.0,7.0,3240.0,0.0,0.0,0.0,0.0,0.0,31.0,0.0,0.0,0.0,171.0,0.0,0.0,18.0,0.0,0.0,0.0,0.0,0.0,0.0,0.0,0.0,0.0,0.0,2.0,0.0,8.0,0.0,2.0,0.0,0.0,0.0,0.0,0.0,0.0,0.0,0.0,0.0,0.0,0.0,0.0,0.0,0.0,0.0,0.0,0.0,0.0,0.0,0.0,0.0,0.0,0.0,0.0,0.0,0.0,0.0,0.0,0.0,0.0,0.0,0.0,0.0,0.0,0.0,0.0,0.0,0.0,0.0,0.0,0.0,0.0,/data/project_data/16S/pycno16S/HH02_17_R1.fq.gz,/data/project_data/16S/pycno16S/HH02_17_R2.fq.gz,pyc40,healthy,site_02,naive,HH
HH02_18,262.0,19785.0,6273.0,307.0,965.0,1840.0,3136.0,31.0,0.0,132.0,23.0,0.0,0.0,173.0,852.0,299.0,186.0,116.0,0.0,351.0,264.0,0.0,0.0,0.0,251.0,0.0,0.0,25.0,0.0,40.0,0.0,0.0,0.0,0.0,0.0,9.0,0.0,0.0,0.0,0.0,14.0,0.0,0.0,0.0,0.0,0.0,0.0,0.0,0.0,25.0,0.0,0.0,0.0,0.0,0.0,0.0,0.0,16.0,0.0,0.0,0.0,0.0,0.0,0.0,0.0,0.0,0.0,0.0,0.0,0.0,0.0,0.0,0.0,0.0,0.0,0.0,0.0,0.0,0.0,0.0,0.0,0.0,0.0,0.0,0.0,/data/project_data/16S/pycno16S/HH02_18_R1.fq.gz,/data/project_data/16S/pycno16S/HH02_18_R2.fq.gz,pyc41,healthy,site_02,naive,HH
HH02_19,84339.0,0.0,1148.0,1717.0,0.0,894.0,1823.0,0.0,3.0,0.0,0.0,135.0,0.0,57.0,157.0,5.0,0.0,0.0,0.0,0.0,0.0,0.0,11.0,0.0,0.0,0.0,0.0,0.0,0.0,0.0,0.0,0.0,0.0,0.0,0.0,0.0,0.0,0.0,0.0,0.0,0.0,0.0,0.0,0.0,0.0,0.0,0.0,0.0,0.0,0.0,0.0,0.0,0.0,0.0,0.0,0.0,0.0,7.0,0.0,0.0,0.0,0.0,0.0,0.0,0.0,0.0,0.0,0.0,0.0,0.0,0.0,0.0,0.0,0.0,0.0,0.0,0.0,0.0,0.0,0.0,0.0,0.0,0.0,0.0,0.0,/data/project_data/16S/pycno16S/HH02_19_R1.fq.gz,/data/project_data/16S/pycno16S/HH02_19_R2.fq.gz,pyc42,healthy,site_02,naive,HH
HH02_20,89061.0,428.0,3907.0,165.0,7.0,853.0,2380.0,3.0,0.0,0.0,0.0,4.0,55.0,304.0,522.0,0.0,0.0,85.0,0.0,29.0,0.0,0.0,0.0,0.0,343.0,0.0,0.0,13.0,0.0,7.0,0.0,0.0,0.0,0.0,0.0,0.0,0.0,0.0,0.0,0.0,0.0,0.0,0.0,0.0,0.0,0.0,0.0,0.0,0.0,0.0,0.0,0.0,0.0,0.0,0.0,0.0,0.0,0.0,0.0,0.0,0.0,0.0,0.0,0.0,0.0,0.0,0.0,0.0,0.0,0.0,0.0,0.0,0.0,0.0,0.0,0.0,0.0,0.0,0.0,0.0,0.0,0.0,0.0,0.0,0.0,/data/project_data/16S/pycno16S/HH02_20_R1.fq.gz,/data/project_data/16S/pycno16S/HH02_20_R2.fq.gz,pyc43,healthy,site_02,naive,HH
HH02_21,85013.0,861.0,1089.0,501.0,0.0,718.0,622.0,130.0,161.0,0.0,0.0,0.0,0.0,271.0,125.0,0.0,0.0,151.0,0.0,466.0,0.0,0.0,2.0,57.0,125.0,0.0,0.0,47.0,0.0,3.0,0.0,0.0,0.0,0.0,0.0,0.0,0.0,0.0,0.0,0.0,0.0,0.0,0.0,0.0,0.0,0.0,0.0,0.0,0.0,0.0,0.0,0.0,0.0,0.0,0.0,0.0,0.0,0.0,0.0,0.0,0.0,0.0,0.0,0.0,0.0,0.0,0.0,0.0,0.0,0.0,0.0,0.0,0.0,0.0,0.0,0.0,0.0,0.0,0.0,0.0,0.0,0.0,0.0,0.0,0.0,/data/project_data/16S/pycno16S/HH02_21_R1.fq.gz,/data/project_data/16S/pycno16S/HH02_21_R2.fq.gz,pyc44,healthy,site_02,naive,HH
HH02_22,85283.0,1977.0,713.0,943.0,0.0,0.0,67.0,0.0,299.0,0.0,0.0,0.0,7.0,0.0,85.0,65.0,0.0,14.0,0.0,35.0,0.0,0.0,0.0,0.0,32.0,0.0,0.0,0.0,0.0,0.0,0.0,0.0,0.0,0.0,0.0,0.0,0.0,0.0,0.0,0.0,0.0,0.0,0.0,0.0,0.0,0.0,0.0,0.0,0.0,0.0,0.0,0.0,0.0,0.0,0.0,0.0,0.0,0.0,0.0,0.0,0.0,0.0,0.0,0.0,0.0,0.0,0.0,0.0,0.0,0.0,0.0,0.0,0.0,0.0,0.0,0.0,0.0,0.0,0.0,0.0,0.0,0.0,0.0,0.0,0.0,/data/project_data/16S/pycno16S/HH02_22_R1.fq.gz,/data/project_data/16S/pycno16S/HH02_22_R2.fq.gz,pyc45,healthy,site_02,naive,HH
HH02_23,29804.0,4383.0,24178.0,812.0,50.0,2334.0,2021.0,0.0,0.0,125.0,0.0,2.0,158.0,43.0,684.0,633.0,88.0,2.0,0.0,5.0,0.0,0.0,0.0,0.0,57.0,0.0,50.0,0.0,0.0,18.0,0.0,0.0,0.0,0.0,0.0,0.0,0.0,0.0,0.0,34.0,0.0,0.0,0.0,0.0,0.0,4.0,0.0,0.0,0.0,0.0,0.0,0.0,0.0,0.0,4.0,6.0,0.0,4.0,0.0,0.0,0.0,0.0,0.0,0.0,0.0,0.0,0.0,0.0,0.0,0.0,0.0,0.0,0.0,0.0,0.0,0.0,0.0,0.0,0.0,0.0,0.0,0.0,0.0,0.0,0.0,/data/project_data/16S/pycno16S/HH02_23_R1.fq.gz,/data/project_data/16S/pycno16S/HH02_23_R2.fq.gz,pyc46,healthy,site_02,naive,HH
HH02_24,65058.0,7317.0,1727.0,3475.0,0.0,142.0,614.0,0.0,168.0,0.0,0.0,0.0,65.0,75.0,850.0,23.0,0.0,1142.0,0.0,318.0,0.0,172.0,11.0,30.0,30.0,0.0,3.0,22.0,0.0,0.0,0.0,0.0,0.0,0.0,0.0,0.0,0.0,0.0,0.0,0.0,5.0,0.0,0.0,0.0,0.0,0.0,0.0,0.0,0.0,0.0,0.0,0.0,0.0,0.0,0.0,0.0,0.0,0.0,0.0,0.0,0.0,0.0,0.0,0.0,0.0,0.0,0.0,0.0,0.0,0.0,0.0,0.0,0.0,0.0,0.0,0.0,0.0,0.0,0.0,0.0,0.0,0.0,0.0,0.0,0.0,/data/project_data/16S/pycno16S/HH02_24_R1.fq.gz,/data/project_data/16S/pycno16S/HH02_24_R2.fq.gz,pyc47,healthy,site_02,naive,HH
SH12_01,33939.0,113.0,12520.0,3656.0,833.0,1433.0,1603.0,465.0,767.0,0.0,42.0,0.0,504.0,123.0,272.0,0.0,263.0,21.0,0.0,41.0,0.0,0.0,28.0,0.0,209.0,0.0,0.0,2.0,0.0,0.0,0.0,0.0,0.0,0.0,0.0,0.0,0.0,64.0,0.0,0.0,86.0,0.0,0.0,0.0,0.0,0.0,0.0,0.0,0.0,0.0,0.0,0.0,0.0,0.0,0.0,0.0,0.0,0.0,0.0,0.0,0.0,0.0,0.0,0.0,0.0,0.0,0.0,0.0,0.0,0.0,0.0,0.0,5.0,0.0,0.0,0.0,0.0,0.0,0.0,0.0,0.0,0.0,0.0,0.0,0.0,/data/project_data/16S/pycno16S/SH12_01_R1.fq.gz,/data/project_data/16S/pycno16S/SH12_01_R2.fq.gz,pyc48,healthy,site_12,impacted,SH
SH12_02,61574.0,509.0,28961.0,1550.0,495.0,368.0,9.0,5.0,0.0,0.0,20.0,0.0,0.0,278.0,159.0,0.0,0.0,0.0,0.0,0.0,0.0,0.0,0.0,0.0,33.0,0.0,0.0,3.0,10.0,0.0,0.0,0.0,0.0,0.0,0.0,0.0,0.0,0.0,0.0,0.0,0.0,0.0,0.0,0.0,0.0,0.0,0.0,0.0,0.0,0.0,0.0,0.0,0.0,0.0,0.0,0.0,0.0,0.0,0.0,0.0,0.0,0.0,0.0,0.0,0.0,0.0,0.0,0.0,0.0,0.0,0.0,0.0,0.0,0.0,0.0,0.0,0.0,0.0,0.0,0.0,0.0,0.0,0.0,0.0,0.0,/data/project_data/16S/pycno16S/SH12_02_R1.fq.gz,/data/project_data/16S/pycno16S/SH12_02_R2.fq.gz,pyc49,healthy,site_12,impacted,SH
SH12_03,73534.0,1710.0,18965.0,766.0,745.0,1574.0,1103.0,135.0,217.0,0.0,83.0,0.0,0.0,195.0,124.0,0.0,0.0,0.0,964.0,0.0,0.0,54.0,133.0,0.0,22.0,0.0,0.0,0.0,0.0,0.0,0.0,0.0,0.0,0.0,0.0,0.0,0.0,0.0,0.0,0.0,0.0,0.0,0.0,0.0,0.0,0.0,0.0,0.0,0.0,0.0,0.0,0.0,0.0,0.0,0.0,0.0,0.0,2.0,0.0,0.0,0.0,0.0,0.0,0.0,0.0,0.0,0.0,0.0,0.0,0.0,0.0,0.0,0.0,0.0,3.0,0.0,0.0,0.0,0.0,0.0,0.0,0.0,0.0,0.0,0.0,/data/project_data/16S/pycno16S/SH12_03_R1.fq.gz,/data/project_data/16S/pycno16S/SH12_03_R2.fq.gz,pyc50,healthy,site_12,impacted,SH
SH12_04,48283.0,4439.0,11807.0,8908.0,151.0,839.0,3253.0,11.0,716.0,0.0,144.0,198.0,199.0,153.0,148.0,0.0,0.0,0.0,0.0,114.0,0.0,0.0,0.0,0.0,21.0,212.0,0.0,5.0,3.0,0.0,0.0,0.0,0.0,0.0,0.0,0.0,0.0,0.0,0.0,0.0,0.0,0.0,0.0,0.0,0.0,0.0,9.0,0.0,0.0,0.0,0.0,0.0,0.0,0.0,0.0,0.0,0.0,0.0,0.0,0.0,0.0,0.0,0.0,0.0,0.0,0.0,0.0,0.0,0.0,0.0,0.0,0.0,0.0,0.0,0.0,0.0,0.0,0.0,0.0,0.0,0.0,0.0,0.0,0.0,0.0,/data/project_data/16S/pycno16S/SH12_04_R1.fq.gz,/data/project_data/16S/pycno16S/SH12_04_R2.fq.gz,pyc51,healthy,site_12,impacted,SH
SH13_05,14979.0,535.0,51841.0,371.0,770.0,241.0,338.0,0.0,114.0,0.0,0.0,0.0,0.0,303.0,436.0,0.0,0.0,0.0,0.0,0.0,0.0,25.0,0.0,0.0,0.0,102.0,0.0,0.0,0.0,0.0,0.0,0.0,0.0,0.0,0.0,0.0,0.0,0.0,0.0,0.0,0.0,0.0,0.0,0.0,0.0,0.0,0.0,0.0,0.0,0.0,0.0,0.0,0.0,0.0,0.0,0.0,0.0,0.0,0.0,0.0,0.0,0.0,0.0,0.0,0.0,0.0,0.0,0.0,0.0,0.0,0.0,0.0,0.0,0.0,0.0,0.0,0.0,0.0,0.0,0.0,0.0,0.0,0.0,0.0,0.0,/data/project_data/16S/pycno16S/SH13_05_R1.fq.gz,/data/project_data/16S/pycno16S/SH13_05_R2.fq.gz,pyc52,healthy,site_13,impacted,SH
SH13_06,87040.0,5189.0,10205.0,6276.0,77.0,877.0,5306.0,0.0,137.0,0.0,23.0,0.0,2208.0,42.0,327.0,0.0,0.0,0.0,0.0,172.0,0.0,84.0,87.0,0.0,26.0,176.0,0.0,0.0,0.0,0.0,0.0,0.0,0.0,0.0,0.0,0.0,0.0,0.0,0.0,0.0,0.0,0.0,0.0,0.0,0.0,0.0,0.0,2.0,0.0,0.0,0.0,0.0,0.0,0.0,0.0,0.0,0.0,0.0,0.0,0.0,0.0,0.0,0.0,0.0,0.0,0.0,0.0,0.0,0.0,0.0,0.0,0.0,0.0,0.0,0.0,0.0,0.0,0.0,0.0,0.0,0.0,0.0,0.0,0.0,0.0,/data/project_data/16S/pycno16S/SH13_06_R1.fq.gz,/data/project_data/16S/pycno16S/SH13_06_R2.fq.gz,pyc53,healthy,site_13,impacted,SH
SH13_07,12764.0,2269.0,26651.0,478.0,1526.0,706.0,738.0,417.0,1744.0,0.0,24.0,2.0,199.0,146.0,1031.0,0.0,0.0,0.0,0.0,0.0,0.0,0.0,9.0,0.0,65.0,133.0,0.0,0.0,0.0,0.0,0.0,0.0,0.0,0.0,0.0,0.0,0.0,0.0,0.0,0.0,0.0,0.0,0.0,0.0,0.0,0.0,0.0,0.0,0.0,0.0,0.0,0.0,0.0,0.0,0.0,0.0,0.0,0.0,0.0,0.0,0.0,0.0,0.0,0.0,0.0,0.0,0.0,0.0,0.0,0.0,0.0,0.0,0.0,0.0,0.0,0.0,0.0,0.0,0.0,0.0,0.0,0.0,0.0,0.0,0.0,/data/project_data/16S/pycno16S/SH13_07_R1.fq.gz,/data/project_data/16S/pycno16S/SH13_07_R2.fq.gz,pyc54,healthy,site_13,impacted,SH
SH13_08,13121.0,1409.0,25220.0,0.0,33.0,550.0,96.0,0.0,2.0,0.0,0.0,0.0,64.0,91.0,1325.0,0.0,0.0,0.0,0.0,0.0,0.0,0.0,0.0,0.0,46.0,87.0,0.0,0.0,0.0,0.0,0.0,0.0,0.0,0.0,0.0,0.0,0.0,0.0,0.0,0.0,0.0,0.0,0.0,0.0,0.0,0.0,0.0,0.0,0.0,0.0,0.0,0.0,0.0,0.0,0.0,0.0,0.0,0.0,0.0,0.0,0.0,0.0,0.0,0.0,0.0,0.0,0.0,0.0,0.0,0.0,0.0,0.0,0.0,0.0,0.0,0.0,0.0,0.0,0.0,0.0,0.0,0.0,0.0,0.0,0.0,/data/project_data/16S/pycno16S/SH13_08_R1.fq.gz,/data/project_data/16S/pycno16S/SH13_08_R2.fq.gz,pyc55,healthy,site_13,impacted,SH
SH13_09,5452.0,245.0,25806.0,5.0,0.0,45.0,32.0,2.0,0.0,10.0,0.0,0.0,0.0,33.0,926.0,0.0,0.0,0.0,0.0,0.0,0.0,0.0,0.0,0.0,0.0,43.0,0.0,0.0,0.0,0.0,0.0,0.0,0.0,0.0,0.0,0.0,0.0,0.0,0.0,0.0,0.0,0.0,0.0,0.0,0.0,0.0,0.0,0.0,0.0,0.0,0.0,0.0,0.0,0.0,0.0,0.0,0.0,0.0,0.0,0.0,0.0,0.0,0.0,0.0,0.0,0.0,0.0,0.0,0.0,0.0,0.0,0.0,0.0,0.0,0.0,0.0,0.0,0.0,0.0,0.0,0.0,0.0,0.0,0.0,0.0,/data/project_data/16S/pycno16S/SH13_09_R1.fq.gz,/data/project_data/16S/pycno16S/SH13_09_R2.fq.gz,pyc56,healthy,site_13,impacted,SH
SH13_10,33508.0,2555.0,33770.0,0.0,104.0,202.0,1064.0,3984.0,242.0,29.0,0.0,0.0,69.0,70.0,1457.0,0.0,0.0,0.0,0.0,0.0,0.0,0.0,0.0,0.0,203.0,235.0,0.0,0.0,0.0,0.0,0.0,0.0,0.0,0.0,0.0,0.0,0.0,0.0,0.0,0.0,0.0,0.0,0.0,0.0,0.0,0.0,0.0,9.0,0.0,0.0,0.0,0.0,0.0,0.0,0.0,0.0,0.0,0.0,0.0,0.0,0.0,0.0,0.0,0.0,0.0,0.0,0.0,0.0,0.0,0.0,0.0,0.0,0.0,0.0,0.0,0.0,0.0,0.0,0.0,0.0,0.0,0.0,0.0,0.0,0.0,/data/project_data/16S/pycno16S/SH13_10_R1.fq.gz,/data/project_data/16S/pycno16S/SH13_10_R2.fq.gz,pyc57,healthy,site_13,impacted,SH
SH15_01,27738.0,5117.0,14558.0,5.0,6089.0,8659.0,321.0,0.0,5.0,0.0,996.0,0.0,60.0,347.0,84.0,0.0,0.0,0.0,0.0,0.0,0.0,0.0,0.0,0.0,0.0,11.0,0.0,0.0,0.0,0.0,0.0,0.0,26.0,0.0,0.0,0.0,0.0,0.0,0.0,0.0,0.0,0.0,0.0,0.0,0.0,0.0,0.0,0.0,0.0,0.0,0.0,0.0,0.0,0.0,0.0,0.0,0.0,0.0,0.0,0.0,0.0,0.0,0.0,0.0,0.0,0.0,0.0,0.0,0.0,0.0,0.0,0.0,0.0,0.0,0.0,0.0,0.0,0.0,0.0,0.0,0.0,0.0,0.0,0.0,0.0,/data/project_data/16S/pycno16S/SH15_01_R1.fq.gz,/data/project_data/16S/pycno16S/SH15_01_R2.fq.gz,pyc58,healthy,site_15,impacted,SH
SH15_02,86139.0,790.0,5753.0,616.0,0.0,940.0,4042.0,0.0,303.0,0.0,4.0,0.0,310.0,4.0,204.0,4.0,67.0,0.0,0.0,43.0,86.0,12.0,15.0,0.0,113.0,6.0,0.0,0.0,0.0,0.0,0.0,0.0,0.0,0.0,0.0,0.0,0.0,0.0,0.0,0.0,0.0,0.0,0.0,0.0,0.0,0.0,0.0,0.0,0.0,0.0,0.0,0.0,0.0,0.0,0.0,0.0,0.0,0.0,0.0,0.0,0.0,0.0,0.0,0.0,0.0,0.0,0.0,0.0,0.0,0.0,0.0,0.0,0.0,0.0,0.0,0.0,0.0,0.0,0.0,0.0,0.0,0.0,0.0,0.0,0.0,/data/project_data/16S/pycno16S/SH15_02_R1.fq.gz,/data/project_data/16S/pycno16S/SH15_02_R2.fq.gz,pyc59,healthy,site_15,impacted,SH
SH15_03,46534.0,837.0,14951.0,109.0,68.0,666.0,3554.0,1016.0,256.0,0.0,29.0,0.0,14.0,0.0,710.0,9.0,35.0,0.0,0.0,0.0,14.0,0.0,204.0,0.0,234.0,7.0,0.0,0.0,0.0,0.0,0.0,0.0,0.0,0.0,0.0,0.0,0.0,0.0,0.0,0.0,0.0,0.0,0.0,0.0,0.0,0.0,0.0,2.0,0.0,0.0,0.0,0.0,0.0,0.0,0.0,0.0,0.0,3.0,0.0,0.0,0.0,0.0,0.0,0.0,0.0,0.0,0.0,0.0,0.0,0.0,0.0,0.0,0.0,0.0,0.0,0.0,0.0,0.0,0.0,0.0,0.0,0.0,0.0,0.0,0.0,/data/project_data/16S/pycno16S/SH15_03_R1.fq.gz,/data/project_data/16S/pycno16S/SH15_03_R2.fq.gz,pyc60,healthy,site_15,impacted,SH
SH15_04,47050.0,3037.0,21668.0,985.0,0.0,613.0,411.0,14.0,963.0,0.0,0.0,297.0,5.0,32.0,704.0,0.0,34.0,0.0,0.0,80.0,0.0,0.0,0.0,10.0,0.0,0.0,0.0,5.0,0.0,0.0,0.0,0.0,0.0,0.0,0.0,0.0,0.0,0.0,0.0,0.0,0.0,0.0,0.0,0.0,0.0,0.0,0.0,4.0,0.0,0.0,0.0,0.0,0.0,0.0,0.0,0.0,0.0,0.0,0.0,0.0,0.0,0.0,0.0,0.0,0.0,0.0,0.0,0.0,0.0,0.0,0.0,0.0,0.0,0.0,0.0,0.0,0.0,0.0,0.0,0.0,0.0,0.0,0.0,0.0,0.0,/data/project_data/16S/pycno16S/SH15_04_R1.fq.gz,/data/project_data/16S/pycno16S/SH15_04_R2.fq.gz,pyc61,healthy,site_15,impacted,SH
SH15_05,38744.0,58.0,3184.0,582.0,137.0,833.0,12479.0,3.0,1413.0,0.0,0.0,121.0,546.0,0.0,1509.0,32.0,0.0,0.0,0.0,126.0,0.0,0.0,51.0,0.0,56.0,21.0,0.0,111.0,42.0,0.0,0.0,0.0,0.0,0.0,0.0,0.0,0.0,0.0,3.0,0.0,0.0,0.0,0.0,0.0,0.0,0.0,0.0,0.0,0.0,0.0,0.0,0.0,0.0,0.0,0.0,0.0,0.0,0.0,0.0,0.0,0.0,0.0,0.0,0.0,0.0,0.0,0.0,0.0,0.0,0.0,0.0,0.0,0.0,0.0,0.0,0.0,0.0,0.0,0.0,0.0,0.0,0.0,0.0,0.0,0.0,/data/project_data/16S/pycno16S/SH15_05_R1.fq.gz,/data/project_data/16S/pycno16S/SH15_05_R2.fq.gz,pyc62,healthy,site_15,impacted,SH
SH15_06,59301.0,5790.0,22183.0,2444.0,215.0,1050.0,2576.0,0.0,355.0,0.0,59.0,0.0,972.0,104.0,694.0,0.0,0.0,0.0,0.0,99.0,0.0,55.0,55.0,7.0,72.0,153.0,0.0,2.0,0.0,0.0,0.0,0.0,0.0,0.0,0.0,0.0,0.0,0.0,0.0,0.0,0.0,0.0,0.0,0.0,0.0,0.0,0.0,0.0,0.0,0.0,0.0,0.0,0.0,0.0,17.0,0.0,0.0,0.0,0.0,0.0,0.0,0.0,0.0,0.0,0.0,0.0,0.0,0.0,0.0,0.0,0.0,0.0,0.0,0.0,0.0,0.0,0.0,0.0,0.0,0.0,0.0,0.0,0.0,0.0,0.0,/data/project_data/16S/pycno16S/SH15_06_R1.fq.gz,/data/project_data/16S/pycno16S/SH15_06_R2.fq.gz,pyc63,healthy,site_15,impacted,SH
SH15_07,55604.0,3885.0,12712.0,3650.0,320.0,819.0,1573.0,15.0,1214.0,0.0,269.0,125.0,261.0,300.0,228.0,54.0,0.0,0.0,3.0,40.0,22.0,14.0,0.0,0.0,36.0,71.0,0.0,9.0,5.0,0.0,0.0,0.0,0.0,0.0,0.0,0.0,0.0,0.0,0.0,0.0,0.0,0.0,0.0,0.0,0.0,0.0,0.0,0.0,0.0,0.0,0.0,0.0,0.0,0.0,0.0,0.0,8.0,0.0,0.0,0.0,0.0,0.0,0.0,0.0,0.0,0.0,0.0,0.0,0.0,0.0,0.0,0.0,0.0,0.0,0.0,0.0,0.0,0.0,0.0,0.0,0.0,0.0,0.0,0.0,0.0,/data/project_data/16S/pycno16S/SH15_07_R1.fq.gz,/data/project_data/16S/pycno16S/SH15_07_R2.fq.gz,pyc64,healthy,site_15,impacted,SH
SH15_08,29901.0,616.0,18772.0,491.0,262.0,368.0,3201.0,362.0,238.0,0.0,0.0,0.0,435.0,325.0,991.0,0.0,10.0,0.0,0.0,35.0,0.0,0.0,0.0,0.0,76.0,0.0,0.0,272.0,0.0,0.0,0.0,0.0,0.0,0.0,0.0,0.0,0.0,0.0,7.0,0.0,0.0,54.0,0.0,0.0,0.0,0.0,0.0,0.0,0.0,0.0,0.0,0.0,0.0,0.0,20.0,0.0,17.0,11.0,15.0,0.0,0.0,12.0,0.0,0.0,0.0,0.0,0.0,0.0,0.0,0.0,0.0,0.0,3.0,0.0,0.0,0.0,0.0,0.0,0.0,0.0,3.0,0.0,0.0,0.0,0.0,/data/project_data/16S/pycno16S/SH15_08_R1.fq.gz,/data/project_data/16S/pycno16S/SH15_08_R2.fq.gz,pyc65,healthy,site_15,impacted,SH
SH15_09,51148.0,1965.0,12152.0,1614.0,0.0,305.0,1317.0,410.0,46.0,9.0,0.0,2.0,187.0,0.0,408.0,3.0,0.0,0.0,2.0,0.0,0.0,153.0,190.0,0.0,0.0,0.0,0.0,0.0,0.0,0.0,0.0,0.0,0.0,0.0,0.0,0.0,0.0,0.0,0.0,0.0,0.0,0.0,0.0,0.0,0.0,0.0,0.0,0.0,0.0,0.0,0.0,0.0,0.0,0.0,0.0,0.0,0.0,0.0,0.0,0.0,0.0,0.0,0.0,0.0,0.0,0.0,0.0,0.0,0.0,0.0,0.0,2.0,0.0,0.0,0.0,0.0,0.0,0.0,0.0,0.0,0.0,0.0,0.0,0.0,0.0,/data/project_data/16S/pycno16S/SH15_09_R1.fq.gz,/data/project_data/16S/pycno16S/SH15_09_R2.fq.gz,pyc66,healthy,site_15,impacted,SH
SH15_10,59153.0,4236.0,12006.0,637.0,284.0,0.0,781.0,27.0,61.0,0.0,0.0,0.0,18.0,0.0,37.0,0.0,0.0,0.0,0.0,0.0,0.0,35.0,0.0,0.0,0.0,0.0,0.0,11.0,0.0,0.0,0.0,0.0,0.0,0.0,0.0,0.0,0.0,0.0,0.0,0.0,0.0,0.0,0.0,0.0,0.0,0.0,0.0,0.0,0.0,0.0,0.0,0.0,0.0,0.0,0.0,0.0,0.0,0.0,0.0,0.0,0.0,0.0,0.0,0.0,0.0,0.0,0.0,0.0,0.0,0.0,0.0,0.0,0.0,0.0,0.0,0.0,0.0,0.0,0.0,0.0,0.0,0.0,0.0,0.0,0.0,/data/project_data/16S/pycno16S/SH15_10_R1.fq.gz,/data/project_data/16S/pycno16S/SH15_10_R2.fq.gz,pyc67,healthy,site_15,impacted,SH
SS08_01,35810.0,435.0,17201.0,800.0,134.0,1757.0,4084.0,339.0,19.0,4808.0,25.0,288.0,1275.0,433.0,2525.0,953.0,1142.0,45.0,0.0,48.0,0.0,16.0,5.0,0.0,200.0,0.0,101.0,60.0,0.0,172.0,0.0,0.0,185.0,0.0,0.0,77.0,0.0,0.0,0.0,0.0,3.0,0.0,0.0,0.0,0.0,0.0,0.0,0.0,26.0,0.0,0.0,8.0,7.0,0.0,18.0,0.0,0.0,3.0,3.0,15.0,9.0,0.0,0.0,0.0,0.0,9.0,8.0,0.0,0.0,7.0,0.0,0.0,0.0,0.0,0.0,0.0,0.0,0.0,0.0,0.0,0.0,0.0,0.0,0.0,0.0,/data/project_data/16S/pycno16S/SS08_01_R1.fq.gz,/data/project_data/16S/pycno16S/SS08_01_R2.fq.gz,pyc68,sick,site_08,impacted,SS
SS08_02,7386.0,794.0,36143.0,191.0,1192.0,700.0,3429.0,115.0,229.0,0.0,0.0,0.0,74.0,151.0,524.0,0.0,0.0,0.0,0.0,660.0,19.0,0.0,167.0,0.0,0.0,0.0,0.0,23.0,0.0,0.0,0.0,0.0,0.0,0.0,0.0,0.0,0.0,0.0,0.0,0.0,0.0,0.0,0.0,0.0,0.0,0.0,13.0,8.0,0.0,0.0,0.0,0.0,0.0,0.0,0.0,0.0,0.0,0.0,0.0,0.0,0.0,0.0,0.0,0.0,0.0,0.0,0.0,0.0,0.0,0.0,0.0,0.0,0.0,0.0,0.0,0.0,0.0,0.0,0.0,0.0,0.0,0.0,0.0,0.0,0.0,/data/project_data/16S/pycno16S/SS08_02_R1.fq.gz,/data/project_data/16S/pycno16S/SS08_02_R2.fq.gz,pyc69,sick,site_08,impacted,SS
SS12_03,1409.0,87.0,36410.0,126.0,2880.0,679.0,727.0,52.0,9.0,0.0,555.0,9.0,116.0,2177.0,408.0,0.0,0.0,0.0,0.0,0.0,0.0,0.0,0.0,0.0,0.0,0.0,0.0,4.0,0.0,0.0,0.0,0.0,0.0,0.0,0.0,0.0,0.0,0.0,0.0,0.0,0.0,0.0,0.0,0.0,0.0,0.0,0.0,14.0,0.0,0.0,0.0,0.0,0.0,0.0,0.0,0.0,0.0,0.0,0.0,0.0,0.0,0.0,0.0,0.0,0.0,0.0,0.0,0.0,0.0,0.0,0.0,0.0,0.0,0.0,0.0,0.0,0.0,0.0,0.0,0.0,0.0,0.0,0.0,0.0,2.0,/data/project_data/16S/pycno16S/SS12_03_R1.fq.gz,/data/project_data/16S/pycno16S/SS12_03_R2.fq.gz,pyc70,sick,site_12,impacted,SS
SS12_04,5302.0,250.0,13779.0,183.0,1448.0,4488.0,1622.0,4780.0,14.0,2.0,1955.0,442.0,11.0,696.0,852.0,5.0,0.0,0.0,0.0,7.0,0.0,0.0,0.0,0.0,135.0,109.0,0.0,92.0,29.0,0.0,78.0,0.0,0.0,88.0,80.0,0.0,0.0,0.0,12.0,57.0,7.0,0.0,229.0,58.0,0.0,35.0,0.0,5.0,0.0,0.0,0.0,0.0,0.0,0.0,0.0,18.0,0.0,0.0,0.0,0.0,0.0,2.0,0.0,0.0,0.0,0.0,0.0,0.0,0.0,0.0,0.0,3.0,0.0,0.0,0.0,0.0,0.0,0.0,0.0,0.0,0.0,0.0,0.0,0.0,0.0,/data/project_data/16S/pycno16S/SS12_04_R1.fq.gz,/data/project_data/16S/pycno16S/SS12_04_R2.fq.gz,pyc71,sick,site_12,impacted,SS
SS13_05,155.0,0.0,2115.0,7.0,184.0,31270.0,0.0,240.0,21.0,0.0,2261.0,0.0,0.0,764.0,0.0,0.0,0.0,0.0,0.0,0.0,0.0,0.0,0.0,0.0,0.0,0.0,0.0,0.0,0.0,0.0,0.0,0.0,0.0,0.0,0.0,0.0,0.0,0.0,0.0,0.0,0.0,0.0,0.0,0.0,0.0,0.0,0.0,0.0,0.0,0.0,0.0,0.0,0.0,0.0,0.0,0.0,0.0,0.0,0.0,0.0,0.0,0.0,0.0,0.0,0.0,0.0,0.0,0.0,0.0,0.0,0.0,0.0,0.0,0.0,0.0,0.0,0.0,0.0,0.0,0.0,0.0,0.0,0.0,0.0,0.0,/data/project_data/16S/pycno16S/SS13_05_R1.fq.gz,/data/project_data/16S/pycno16S/SS13_05_R2.fq.gz,pyc72,sick,site_13,impacted,SS
SS13_06,203.0,0.0,1760.0,2.0,649.0,35783.0,156.0,631.0,13.0,54.0,4203.0,0.0,0.0,412.0,0.0,0.0,0.0,0.0,0.0,0.0,0.0,0.0,0.0,0.0,0.0,0.0,0.0,0.0,0.0,0.0,0.0,0.0,0.0,0.0,0.0,0.0,0.0,0.0,0.0,0.0,0.0,0.0,0.0,0.0,0.0,0.0,0.0,5.0,0.0,0.0,0.0,0.0,0.0,0.0,0.0,0.0,0.0,0.0,0.0,0.0,0.0,0.0,0.0,0.0,0.0,0.0,0.0,0.0,0.0,0.0,0.0,0.0,0.0,0.0,0.0,0.0,0.0,0.0,0.0,0.0,0.0,0.0,0.0,0.0,0.0,/data/project_data/16S/pycno16S/SS13_06_R1.fq.gz,/data/project_data/16S/pycno16S/SS13_06_R2.fq.gz,pyc73,sick,site_13,impacted,SS
SS13_07,774.0,41.0,3432.0,16.0,668.0,32128.0,449.0,1717.0,12.0,16.0,2325.0,4.0,0.0,3381.0,8.0,0.0,0.0,693.0,0.0,862.0,0.0,0.0,0.0,0.0,162.0,5.0,0.0,0.0,0.0,0.0,255.0,0.0,0.0,0.0,0.0,0.0,34.0,0.0,56.0,0.0,0.0,0.0,0.0,0.0,0.0,0.0,0.0,3.0,0.0,0.0,0.0,0.0,0.0,0.0,0.0,0.0,0.0,0.0,0.0,0.0,0.0,0.0,0.0,0.0,0.0,0.0,0.0,0.0,0.0,0.0,0.0,0.0,0.0,0.0,0.0,0.0,0.0,0.0,0.0,0.0,0.0,0.0,0.0,0.0,0.0,/data/project_data/16S/pycno16S/SS13_07_R1.fq.gz,/data/project_data/16S/pycno16S/SS13_07_R2.fq.gz,pyc74,sick,site_13,impacted,SS
SS13_08,271.0,0.0,2778.0,12.0,1406.0,28125.0,233.0,1867.0,11.0,59.0,4247.0,2.0,0.0,3050.0,0.0,0.0,0.0,0.0,0.0,0.0,0.0,0.0,0.0,0.0,0.0,17.0,0.0,2.0,0.0,0.0,185.0,0.0,0.0,0.0,0.0,0.0,0.0,0.0,12.0,0.0,0.0,0.0,0.0,0.0,0.0,0.0,0.0,4.0,0.0,0.0,0.0,0.0,0.0,0.0,0.0,0.0,0.0,0.0,0.0,0.0,0.0,0.0,0.0,0.0,0.0,0.0,0.0,0.0,0.0,0.0,0.0,0.0,0.0,0.0,0.0,0.0,0.0,0.0,0.0,0.0,0.0,0.0,0.0,0.0,0.0,/data/project_data/16S/pycno16S/SS13_08_R1.fq.gz,/data/project_data/16S/pycno16S/SS13_08_R2.fq.gz,pyc75,sick,site_13,impacted,SS
SS14_09,6417.0,1104.0,971.0,0.0,196.0,529.0,67.0,0.0,0.0,0.0,31.0,0.0,0.0,0.0,13.0,0.0,0.0,0.0,0.0,0.0,0.0,0.0,0.0,0.0,0.0,0.0,0.0,0.0,0.0,0.0,0.0,0.0,0.0,0.0,0.0,0.0,0.0,0.0,0.0,0.0,0.0,0.0,0.0,0.0,0.0,0.0,0.0,0.0,0.0,0.0,0.0,0.0,0.0,0.0,0.0,0.0,0.0,0.0,0.0,0.0,0.0,0.0,0.0,0.0,0.0,0.0,0.0,0.0,0.0,0.0,0.0,0.0,0.0,0.0,0.0,0.0,0.0,0.0,0.0,0.0,0.0,0.0,0.0,0.0,0.0,/data/project_data/16S/pycno16S/SS14_09_R1.fq.gz,/data/project_data/16S/pycno16S/SS14_09_R2.fq.gz,pyc76,sick,site_14,impacted,SS
SS14_10,9018.0,193.0,21055.0,348.0,6937.0,15841.0,102.0,97.0,0.0,0.0,545.0,0.0,7.0,395.0,7.0,0.0,0.0,0.0,0.0,0.0,0.0,0.0,0.0,0.0,289.0,23.0,0.0,0.0,0.0,0.0,0.0,0.0,0.0,0.0,0.0,0.0,0.0,0.0,0.0,0.0,0.0,0.0,0.0,0.0,0.0,0.0,0.0,0.0,0.0,0.0,0.0,0.0,0.0,0.0,0.0,0.0,0.0,0.0,0.0,0.0,0.0,0.0,0.0,0.0,0.0,0.0,0.0,0.0,0.0,0.0,0.0,0.0,0.0,0.0,0.0,0.0,0.0,0.0,0.0,0.0,0.0,0.0,0.0,0.0,0.0,/data/project_data/16S/pycno16S/SS14_10_R1.fq.gz,/data/project_data/16S/pycno16S/SS14_10_R2.fq.gz,pyc77,sick,site_14,impacted,SS
SS15_01,2515.0,0.0,33658.0,0.0,3248.0,0.0,0.0,0.0,0.0,0.0,0.0,0.0,0.0,43.0,137.0,0.0,0.0,0.0,0.0,0.0,0.0,0.0,0.0,0.0,6.0,41.0,0.0,0.0,0.0,0.0,0.0,0.0,0.0,0.0,0.0,0.0,0.0,0.0,0.0,0.0,0.0,0.0,0.0,0.0,0.0,0.0,0.0,0.0,0.0,0.0,0.0,0.0,0.0,0.0,0.0,0.0,0.0,0.0,0.0,0.0,0.0,0.0,0.0,0.0,0.0,0.0,0.0,0.0,0.0,0.0,0.0,0.0,0.0,0.0,0.0,0.0,0.0,0.0,0.0,0.0,0.0,0.0,0.0,0.0,0.0,/data/project_data/16S/pycno16S/SS15_01_R1.fq.gz,/data/project_data/16S/pycno16S/SS15_01_R2.fq.gz,pyc78,sick,site_15,impacted,SS
SS15_02,1471.0,0.0,34891.0,318.0,1628.0,524.0,1616.0,209.0,0.0,0.0,341.0,32.0,205.0,2691.0,934.0,0.0,0.0,0.0,0.0,0.0,0.0,0.0,17.0,0.0,197.0,4.0,0.0,22.0,0.0,0.0,0.0,0.0,0.0,22.0,0.0,0.0,0.0,0.0,0.0,0.0,0.0,0.0,0.0,0.0,0.0,0.0,0.0,11.0,0.0,0.0,0.0,0.0,0.0,0.0,0.0,0.0,0.0,8.0,0.0,0.0,0.0,6.0,0.0,0.0,0.0,0.0,0.0,0.0,0.0,0.0,0.0,0.0,0.0,0.0,0.0,0.0,0.0,0.0,0.0,0.0,0.0,0.0,0.0,0.0,0.0,/data/project_data/16S/pycno16S/SS15_02_R1.fq.gz,/data/project_data/16S/pycno16S/SS15_02_R2.fq.gz,pyc79,sick,site_15,impacted,SS
SS15_03,350.0,42.0,6755.0,0.0,6314.0,340.0,3.0,5.0,0.0,0.0,17.0,2.0,0.0,10.0,2.0,0.0,0.0,0.0,0.0,0.0,0.0,0.0,0.0,0.0,6.0,0.0,0.0,0.0,0.0,0.0,0.0,0.0,0.0,0.0,0.0,0.0,0.0,0.0,0.0,0.0,0.0,0.0,0.0,0.0,0.0,0.0,0.0,12.0,0.0,0.0,0.0,0.0,0.0,0.0,0.0,0.0,0.0,0.0,0.0,0.0,0.0,0.0,0.0,0.0,0.0,0.0,0.0,0.0,0.0,0.0,0.0,0.0,0.0,0.0,0.0,0.0,0.0,0.0,0.0,0.0,0.0,0.0,0.0,0.0,0.0,/data/project_data/16S/pycno16S/SS15_03_R1.fq.gz,/data/project_data/16S/pycno16S/SS15_03_R2.fq.gz,pyc80,sick,site_15,impacted,SS
SS15_04,27735.0,597.0,37680.0,251.0,1307.0,857.0,978.0,16.0,61.0,0.0,65.0,0.0,204.0,305.0,908.0,0.0,0.0,0.0,0.0,69.0,35.0,0.0,0.0,0.0,0.0,36.0,0.0,44.0,0.0,0.0,0.0,0.0,0.0,0.0,0.0,0.0,0.0,0.0,0.0,11.0,0.0,0.0,0.0,0.0,0.0,0.0,0.0,28.0,0.0,0.0,0.0,0.0,0.0,0.0,0.0,0.0,0.0,0.0,0.0,0.0,0.0,0.0,0.0,0.0,0.0,0.0,0.0,0.0,0.0,0.0,0.0,0.0,0.0,0.0,0.0,0.0,0.0,0.0,0.0,0.0,0.0,0.0,0.0,0.0,0.0,/data/project_data/16S/pycno16S/SS15_04_R1.fq.gz,/data/project_data/16S/pycno16S/SS15_04_R2.fq.gz,pyc81,sick,site_15,impacted,SS
SS15_05,291.0,18.0,13425.0,0.0,20234.0,16894.0,27.0,354.0,0.0,0.0,658.0,38.0,0.0,738.0,2.0,0.0,0.0,0.0,0.0,0.0,0.0,0.0,0.0,0.0,0.0,0.0,0.0,0.0,0.0,0.0,0.0,0.0,0.0,0.0,0.0,0.0,0.0,0.0,5.0,0.0,0.0,0.0,0.0,0.0,0.0,0.0,0.0,2.0,0.0,0.0,0.0,0.0,0.0,0.0,0.0,0.0,0.0,0.0,0.0,0.0,0.0,0.0,0.0,0.0,0.0,0.0,0.0,0.0,0.0,0.0,0.0,0.0,0.0,0.0,0.0,0.0,0.0,0.0,0.0,0.0,0.0,0.0,0.0,0.0,0.0,/data/project_data/16S/pycno16S/SS15_05_R1.fq.gz,/data/project_data/16S/pycno16S/SS15_05_R2.fq.gz,pyc82,sick,site_15,impacted,SS
SS15_06,12069.0,248.0,45761.0,217.0,387.0,277.0,387.0,0.0,37.0,0.0,7.0,0.0,0.0,162.0,777.0,0.0,0.0,0.0,0.0,0.0,0.0,78.0,0.0,0.0,0.0,177.0,0.0,0.0,0.0,0.0,0.0,0.0,0.0,0.0,0.0,0.0,0.0,0.0,0.0,0.0,0.0,0.0,0.0,0.0,0.0,0.0,0.0,0.0,0.0,0.0,0.0,0.0,0.0,0.0,0.0,0.0,0.0,0.0,0.0,0.0,0.0,0.0,0.0,0.0,0.0,0.0,0.0,0.0,0.0,0.0,0.0,0.0,0.0,0.0,0.0,0.0,0.0,0.0,0.0,0.0,0.0,0.0,0.0,0.0,0.0,/data/project_data/16S/pycno16S/SS15_06_R1.fq.gz,/data/project_data/16S/pycno16S/SS15_06_R2.fq.gz,pyc83,sick,site_15,impacted,SS
SS15_07,277.0,7.0,14765.0,0.0,30396.0,2241.0,29.0,3.0,0.0,0.0,255.0,0.0,0.0,126.0,8.0,0.0,0.0,0.0,0.0,0.0,0.0,0.0,0.0,0.0,0.0,12.0,0.0,0.0,0.0,0.0,0.0,0.0,0.0,0.0,0.0,0.0,0.0,0.0,0.0,0.0,0.0,0.0,0.0,0.0,0.0,0.0,0.0,0.0,0.0,0.0,0.0,0.0,0.0,0.0,0.0,0.0,0.0,0.0,0.0,0.0,0.0,6.0,0.0,0.0,0.0,0.0,0.0,0.0,0.0,0.0,0.0,0.0,0.0,0.0,0.0,0.0,0.0,0.0,0.0,0.0,0.0,0.0,0.0,0.0,0.0,/data/project_data/16S/pycno16S/SS15_07_R1.fq.gz,/data/project_data/16S/pycno16S/SS15_07_R2.fq.gz,pyc84,sick,site_15,impacted,SS
SS15_08,81.0,22.0,10033.0,0.0,13279.0,3545.0,73.0,645.0,4.0,0.0,186.0,27.0,0.0,519.0,238.0,0.0,0.0,0.0,0.0,0.0,0.0,0.0,0.0,0.0,137.0,0.0,0.0,0.0,0.0,0.0,0.0,0.0,0.0,0.0,0.0,0.0,0.0,0.0,14.0,0.0,0.0,0.0,0.0,0.0,0.0,2.0,7.0,4.0,0.0,0.0,0.0,0.0,0.0,0.0,3.0,0.0,0.0,0.0,0.0,0.0,0.0,0.0,0.0,0.0,0.0,0.0,0.0,0.0,0.0,0.0,0.0,0.0,0.0,0.0,0.0,0.0,0.0,0.0,0.0,0.0,0.0,0.0,0.0,0.0,0.0,/data/project_data/16S/pycno16S/SS15_08_R1.fq.gz,/data/project_data/16S/pycno16S/SS15_08_R2.fq.gz,pyc85,sick,site_15,impacted,SS
